Workbook

Sheet Analysis
B2: Impact of APR on Ranking and App-Clicks
B3: Modelling based on 01/02/2022-02/02/22
B11: Scenario | C11: Average Result Rank | D11: App-Clicks | E11: % Baseline | F11: Average App-Click Rank
B12: Baseline - Marbles Classic CC 32.9% APR | C12: =SUM(Baseline!I:I)/SUM(Baseline!C:C) -> #DIV/0! | D12: =SUM(Baseline!G:G) -> 0 | E12: =D12/$D$12 -> #DIV/0! | F12: =SUM(Baseline!H:H)/SUM(Baseline!G:G) -> #DIV/0!
B13: Gamed Scenario 1 | C13: =SUM('Gamed Scenario 1'!I:I)/SUM('Gamed Scenario 1'!C:C) -> #DIV/0! | D13: =SUM('Gamed Scenario 1'!G:G) -> 0 | E13: =D13/$D$12 -> #DIV/0! | F13: =SUM('Gamed Scenario 1'!H:H)/SUM('Gamed Scenario 1'!G:G) -> #DIV/0!
B14: Gamed Scenario 2 | C14: =SUM('Gamed Scenario 2'!I:I)/SUM('Gamed Scenario 2'!C:C) -> #DIV/0! | D14: =SUM('Gamed Scenario 2'!G:G) -> 0 | E14: =D14/$D$12 -> #DIV/0! | F14: =SUM('Gamed Scenario 2'!H:H)/SUM('Gamed Scenario 2'!G:G) -> #DIV/0!
B15: Gamed Scenario 3 | C15: =SUM('Gamed Scenario 3'!I:I)/SUM('Gamed Scenario 3'!C:C) -> #DIV/0! | D15: =SUM('Gamed Scenario 3'!G:G) -> 0 | E15: =D15/$D$12 -> #DIV/0! | F15: =SUM('Gamed Scenario 3'!H:H)/SUM('Gamed Scenario 3'!G:G) -> #DIV/0!
B16: Gamed Scenario 4 | C16: =SUM('Gamed Scenario 4'!I:I)/SUM('Gamed Scenario 4'!C:C) -> #DIV/0! | D16: =SUM('Gamed Scenario 4'!G:G) -> 0 | E16: =D16/$D$12 -> #DIV/0! | F16: =SUM('Gamed Scenario 4'!H:H)/SUM('Gamed Scenario 4'!G:G) -> #DIV/0!
B17: Gamed Scenario 5 | C17: =SUM('Gamed Scenario 5'!I:I)/SUM('Gamed Scenario 5'!C:C) -> #DIV/0! | D17: =SUM('Gamed Scenario 5'!G:G) -> 0 | E17: =D17/$D$12 -> #DIV/0! | F17: =SUM('Gamed Scenario 5'!H:H)/SUM('Gamed Scenario 5'!G:G) -> #DIV/0!

Sheet Baseline
A1: final_rank | B1: banded_score | C1: results | D1: banded_score2 | E1: Capped_rank | F1: Conversion | G1: clicks | H1: clicks*rank | I1: results*rank
D2: =IF(AND(B2>0,B2<=150),"<=150",IF(B2>500,"501+",(IF(B2=0,"0",B2)))) -> 0 | E2: =IF(A2>=20,"20+",IF(A2=0,"0",A2)) -> 0 | F2: =_xlfn.IFNA(INDEX('App-Click Conversion by Rank'!$K$12:$S$31,MATCH(E2,'App-Click Conversion by Rank'!$J$12:$J$31,0),MATCH(D2,'App-Click Conversion by Rank'!$K$11:$S$11,0)),0) -> 0 | G2: =C2*F2 -> 0 | H2: =G2*A2 -> 0 | I2: =C2*A2 -> 0
D3: =IF(AND(B3>0,B3<=150),"<=150",IF(B3>500,"501+",(IF(B3=0,"0",B3)))) -> 0 | E3: =IF(A3>=20,"20+",IF(A3=0,"0",A3)) -> 0 | F3: =_xlfn.IFNA(INDEX('App-Click Conversion by Rank'!$K$12:$S$31,MATCH(E3,'App-Click Conversion by Rank'!$J$12:$J$31,0),MATCH(D3,'App-Click Conversion by Rank'!$K$11:$S$11,0)),0) -> 0 | G3: =C3*F3 -> 0 | H3: =G3*A3 -> 0 | I3: =C3*A3 -> 0
D4: =IF(AND(B4>0,B4<=150),"<=150",IF(B4>500,"501+",(IF(B4=0,"0",B4)))) -> 0 | E4: =IF(A4>=20,"20+",IF(A4=0,"0",A4)) -> 0 | F4: =_xlfn.IFNA(INDEX('App-Click Conversion by Rank'!$K$12:$S$31,MATCH(E4,'App-Click Conversion by Rank'!$J$12:$J$31,0),MATCH(D4,'App-Click Conversion by Rank'!$K$11:$S$11,0)),0) -> 0 | G4: =C4*F4 -> 0 | H4: =G4*A4 -> 0 | I4: =C4*A4 -> 0
D5: =IF(AND(B5>0,B5<=150),"<=150",IF(B5>500,"501+",(IF(B5=0,"0",B5)))) -> 0 | E5: =IF(A5>=20,"20+",IF(A5=0,"0",A5)) -> 0 | F5: =_xlfn.IFNA(INDEX('App-Click Conversion by Rank'!$K$12:$S$31,MATCH(E5,'App-Click Conversion by Rank'!$J$12:$J$31,0),MATCH(D5,'App-Click Conversion by Rank'!$K$11:$S$11,0)),0) -> 0 | G5: =C5*F5 -> 0 | H5: =G5*A5 -> 0 | I5: =C5*A5 -> 0
D6: =IF(AND(B6>0,B6<=150),"<=150",IF(B6>500,"501+",(IF(B6=0,"0",B6)))) -> 0 | E6: =IF(A6>=20,"20+",IF(A6=0,"0",A6)) -> 0 | F6: =_xlfn.IFNA(INDEX('App-Click Conversion by Rank'!$K$12:$S$31,MATCH(E6,'App-Click Conversion by Rank'!$J$12:$J$31,0),MATCH(D6,'App-Click Conversion by Rank'!$K$11:$S$11,0)),0) -> 0 | G6: =C6*F6 -> 0 | H6: =G6*A6 -> 0 | I6: =C6*A6 -> 0
D7: =IF(AND(B7>0,B7<=150),"<=150",IF(B7>500,"501+",(IF(B7=0,"0",B7)))) -> 0 | E7: =IF(A7>=20,"20+",IF(A7=0,"0",A7)) -> 0 | F7: =_xlfn.IFNA(INDEX('App-Click Conversion by Rank'!$K$12:$S$31,MATCH(E7,'App-Click Conversion by Rank'!$J$12:$J$31,0),MATCH(D7,'App-Click Conversion by Rank'!$K$11:$S$11,0)),0) -> 0 | G7: =C7*F7 -> 0 | H7: =G7*A7 -> 0 | I7: =C7*A7 -> 0
D8: =IF(AND(B8>0,B8<=150),"<=150",IF(B8>500,"501+",(IF(B8=0,"0",B8)))) -> 0 | E8: =IF(A8>=20,"20+",IF(A8=0,"0",A8)) -> 0 | F8: =_xlfn.IFNA(INDEX('App-Click Conversion by Rank'!$K$12:$S$31,MATCH(E8,'App-Click Conversion by Rank'!$J$12:$J$31,0),MATCH(D8,'App-Click Conversion by Rank'!$K$11:$S$11,0)),0) -> 0 | G8: =C8*F8 -> 0 | H8: =G8*A8 -> 0 | I8: =C8*A8 -> 0
D9: =IF(AND(B9>0,B9<=150),"<=150",IF(B9>500,"501+",(IF(B9=0,"0",B9)))) -> 0 | E9: =IF(A9>=20,"20+",IF(A9=0,"0",A9)) -> 0 | F9: =_xlfn.IFNA(INDEX('App-Click Conversion by Rank'!$K$12:$S$31,MATCH(E9,'App-Click Conversion by Rank'!$J$12:$J$31,0),MATCH(D9,'App-Click Conversion by Rank'!$K$11:$S$11,0)),0) -> 0 | G9: =C9*F9 -> 0 | H9: =G9*A9 -> 0 | I9: =C9*A9 -> 0
D10: =IF(AND(B10>0,B10<=150),"<=150",IF(B10>500,"501+",(IF(B10=0,"0",B10)))) -> 0 | E10: =IF(A10>=20,"20+",IF(A10=0,"0",A10)) -> 0 | F10: =_xlfn.IFNA(INDEX('App-Click Conversion by Rank'!$K$12:$S$31,MATCH(E10,'App-Click Conversion by Rank'!$J$12:$J$31,0),MATCH(D10,'App-Click Conversion by Rank'!$K$11:$S$11,0)),0) -> 0 | G10: =C10*F10 -> 0 | H10: =G10*A10 -> 0 | I10: =C10*A10 -> 0
D11: =IF(AND(B11>0,B11<=150),"<=150",IF(B11>500,"501+",(IF(B11=0,"0",B11)))) -> 0 | E11: =IF(A11>=20,"20+",IF(A11=0,"0",A11)) -> 0 | F11: =_xlfn.IFNA(INDEX('App-Click Conversion by Rank'!$K$12:$S$31,MATCH(E11,'App-Click Conversion by Rank'!$J$12:$J$31,0),MATCH(D11,'App-Click Conversion by Rank'!$K$11:$S$11,0)),0) -> 0 | G11: =C11*F11 -> 0 | H11: =G11*A11 -> 0 | I11: =C11*A11 -> 0
D12: =IF(AND(B12>0,B12<=150),"<=150",IF(B12>500,"501+",(IF(B12=0,"0",B12)))) -> 0 | E12: =IF(A12>=20,"20+",IF(A12=0,"0",A12)) -> 0 | F12: =_xlfn.IFNA(INDEX('App-Click Conversion by Rank'!$K$12:$S$31,MATCH(E12,'App-Click Conversion by Rank'!$J$12:$J$31,0),MATCH(D12,'App-Click Conversion by Rank'!$K$11:$S$11,0)),0) -> 0 | G12: =C12*F12 -> 0 | H12: =G12*A12 -> 0 | I12: =C12*A12 -> 0
D13: =IF(AND(B13>0,B13<=150),"<=150",IF(B13>500,"501+",(IF(B13=0,"0",B13)))) -> 0 | E13: =IF(A13>=20,"20+",IF(A13=0,"0",A13)) -> 0 | F13: =_xlfn.IFNA(INDEX('App-Click Conversion by Rank'!$K$12:$S$31,MATCH(E13,'App-Click Conversion by Rank'!$J$12:$J$31,0),MATCH(D13,'App-Click Conversion by Rank'!$K$11:$S$11,0)),0) -> 0 | G13: =C13*F13 -> 0 | H13: =G13*A13 -> 0 | I13: =C13*A13 -> 0
... D2160: =IF(AND(B2160>0,B2160<=150),"<=150",IF(B2160>500,"501+",(IF(B2160=0,"0",B2160)))) -> 0 | E2160: =IF(A2160>=20,"20+",IF(A2160=0,"0",A2160)) -> 0 | F2160: =_xlfn.IFNA(INDEX('App-Click Conversion by Rank'!$K$12:$S$31,MATCH(E2160,'App-Click Conversion by Rank'!$J$12:$J$31,0),MATCH(D2160,'App-Click Conversion by Rank'!$K$11:$S$11,0)),0) -> 0 | G2160: =C2160*F2160 -> 0 | H2160: =G2160*A2160 -> 0 | I2160: =C2160*A2160 -> 0

Sheet Gamed Scenario 1
A1: final_rank | B1: banded_score | C1: results | D1: banded_score2 | E1: Capped_rank | F1: Conversion | G1: clicks | H1: clicks*rank | I1: results*rank
D2: =IF(AND(B2>0,B2<=150),"<=150",IF(B2>500,"501+",(IF(B2=0,"0",B2)))) -> 0 | E2: =IF(A2>=20,"20+",IF(A2=0,"0",A2)) -> 0 | F2: =_xlfn.IFNA(INDEX('App-Click Conversion by Rank'!$K$12:$S$31,MATCH(E2,'App-Click Conversion by Rank'!$J$12:$J$31,0),MATCH(D2,'App-Click Conversion by Rank'!$K$11:$S$11,0)),0) -> 0 | G2: =C2*F2 -> 0 | H2: =G2*A2 -> 0 | I2: =C2*A2 -> 0
D3: =IF(AND(B3>0,B3<=150),"<=150",IF(B3>500,"501+",(IF(B3=0,"0",B3)))) -> 0 | E3: =IF(A3>=20,"20+",IF(A3=0,"0",A3)) -> 0 | F3: =_xlfn.IFNA(INDEX('App-Click Conversion by Rank'!$K$12:$S$31,MATCH(E3,'App-Click Conversion by Rank'!$J$12:$J$31,0),MATCH(D3,'App-Click Conversion by Rank'!$K$11:$S$11,0)),0) -> 0 | G3: =C3*F3 -> 0 | H3: =G3*A3 -> 0 | I3: =C3*A3 -> 0
D4: =IF(AND(B4>0,B4<=150),"<=150",IF(B4>500,"501+",(IF(B4=0,"0",B4)))) -> 0 | E4: =IF(A4>=20,"20+",IF(A4=0,"0",A4)) -> 0 | F4: =_xlfn.IFNA(INDEX('App-Click Conversion by Rank'!$K$12:$S$31,MATCH(E4,'App-Click Conversion by Rank'!$J$12:$J$31,0),MATCH(D4,'App-Click Conversion by Rank'!$K$11:$S$11,0)),0) -> 0 | G4: =C4*F4 -> 0 | H4: =G4*A4 -> 0 | I4: =C4*A4 -> 0
D5: =IF(AND(B5>0,B5<=150),"<=150",IF(B5>500,"501+",(IF(B5=0,"0",B5)))) -> 0 | E5: =IF(A5>=20,"20+",IF(A5=0,"0",A5)) -> 0 | F5: =_xlfn.IFNA(INDEX('App-Click Conversion by Rank'!$K$12:$S$31,MATCH(E5,'App-Click Conversion by Rank'!$J$12:$J$31,0),MATCH(D5,'App-Click Conversion by Rank'!$K$11:$S$11,0)),0) -> 0 | G5: =C5*F5 -> 0 | H5: =G5*A5 -> 0 | I5: =C5*A5 -> 0
D6: =IF(AND(B6>0,B6<=150),"<=150",IF(B6>500,"501+",(IF(B6=0,"0",B6)))) -> 0 | E6: =IF(A6>=20,"20+",IF(A6=0,"0",A6)) -> 0 | F6: =_xlfn.IFNA(INDEX('App-Click Conversion by Rank'!$K$12:$S$31,MATCH(E6,'App-Click Conversion by Rank'!$J$12:$J$31,0),MATCH(D6,'App-Click Conversion by Rank'!$K$11:$S$11,0)),0) -> 0 | G6: =C6*F6 -> 0 | H6: =G6*A6 -> 0 | I6: =C6*A6 -> 0
D7: =IF(AND(B7>0,B7<=150),"<=150",IF(B7>500,"501+",(IF(B7=0,"0",B7)))) -> 0 | E7: =IF(A7>=20,"20+",IF(A7=0,"0",A7)) -> 0 | F7: =_xlfn.IFNA(INDEX('App-Click Conversion by Rank'!$K$12:$S$31,MATCH(E7,'App-Click Conversion by Rank'!$J$12:$J$31,0),MATCH(D7,'App-Click Conversion by Rank'!$K$11:$S$11,0)),0) -> 0 | G7: =C7*F7 -> 0 | H7: =G7*A7 -> 0 | I7: =C7*A7 -> 0
D8: =IF(AND(B8>0,B8<=150),"<=150",IF(B8>500,"501+",(IF(B8=0,"0",B8)))) -> 0 | E8: =IF(A8>=20,"20+",IF(A8=0,"0",A8)) -> 0 | F8: =_xlfn.IFNA(INDEX('App-Click Conversion by Rank'!$K$12:$S$31,MATCH(E8,'App-Click Conversion by Rank'!$J$12:$J$31,0),MATCH(D8,'App-Click Conversion by Rank'!$K$11:$S$11,0)),0) -> 0 | G8: =C8*F8 -> 0 | H8: =G8*A8 -> 0 | I8: =C8*A8 -> 0
D9: =IF(AND(B9>0,B9<=150),"<=150",IF(B9>500,"501+",(IF(B9=0,"0",B9)))) -> 0 | E9: =IF(A9>=20,"20+",IF(A9=0,"0",A9)) -> 0 | F9: =_xlfn.IFNA(INDEX('App-Click Conversion by Rank'!$K$12:$S$31,MATCH(E9,'App-Click Conversion by Rank'!$J$12:$J$31,0),MATCH(D9,'App-Click Conversion by Rank'!$K$11:$S$11,0)),0) -> 0 | G9: =C9*F9 -> 0 | H9: =G9*A9 -> 0 | I9: =C9*A9 -> 0
D10: =IF(AND(B10>0,B10<=150),"<=150",IF(B10>500,"501+",(IF(B10=0,"0",B10)))) -> 0 | E10: =IF(A10>=20,"20+",IF(A10=0,"0",A10)) -> 0 | F10: =_xlfn.IFNA(INDEX('App-Click Conversion by Rank'!$K$12:$S$31,MATCH(E10,'App-Click Conversion by Rank'!$J$12:$J$31,0),MATCH(D10,'App-Click Conversion by Rank'!$K$11:$S$11,0)),0) -> 0 | G10: =C10*F10 -> 0 | H10: =G10*A10 -> 0 | I10: =C10*A10 -> 0
D11: =IF(AND(B11>0,B11<=150),"<=150",IF(B11>500,"501+",(IF(B11=0,"0",B11)))) -> 0 | E11: =IF(A11>=20,"20+",IF(A11=0,"0",A11)) -> 0 | F11: =_xlfn.IFNA(INDEX('App-Click Conversion by Rank'!$K$12:$S$31,MATCH(E11,'App-Click Conversion by Rank'!$J$12:$J$31,0),MATCH(D11,'App-Click Conversion by Rank'!$K$11:$S$11,0)),0) -> 0 | G11: =C11*F11 -> 0 | H11: =G11*A11 -> 0 | I11: =C11*A11 -> 0
D12: =IF(AND(B12>0,B12<=150),"<=150",IF(B12>500,"501+",(IF(B12=0,"0",B12)))) -> 0 | E12: =IF(A12>=20,"20+",IF(A12=0,"0",A12)) -> 0 | F12: =_xlfn.IFNA(INDEX('App-Click Conversion by Rank'!$K$12:$S$31,MATCH(E12,'App-Click Conversion by Rank'!$J$12:$J$31,0),MATCH(D12,'App-Click Conversion by Rank'!$K$11:$S$11,0)),0) -> 0 | G12: =C12*F12 -> 0 | H12: =G12*A12 -> 0 | I12: =C12*A12 -> 0
D13: =IF(AND(B13>0,B13<=150),"<=150",IF(B13>500,"501+",(IF(B13=0,"0",B13)))) -> 0 | E13: =IF(A13>=20,"20+",IF(A13=0,"0",A13)) -> 0 | F13: =_xlfn.IFNA(INDEX('App-Click Conversion by Rank'!$K$12:$S$31,MATCH(E13,'App-Click Conversion by Rank'!$J$12:$J$31,0),MATCH(D13,'App-Click Conversion by Rank'!$K$11:$S$11,0)),0) -> 0 | G13: =C13*F13 -> 0 | H13: =G13*A13 -> 0 | I13: =C13*A13 -> 0
... D2160: =IF(AND(B2160>0,B2160<=150),"<=150",IF(B2160>500,"501+",(IF(B2160=0,"0",B2160)))) -> 0 | E2160: =IF(A2160>=20,"20+",IF(A2160=0,"0",A2160)) -> 0 | F2160: =_xlfn.IFNA(INDEX('App-Click Conversion by Rank'!$K$12:$S$31,MATCH(E2160,'App-Click Conversion by Rank'!$J$12:$J$31,0),MATCH(D2160,'App-Click Conversion by Rank'!$K$11:$S$11,0)),0) -> 0 | G2160: =C2160*F2160 -> 0 | H2160: =G2160*A2160 -> 0 | I2160: =C2160*A2160 -> 0

Sheet Gamed Scenario 2
A1: final_rank | B1: banded_score | C1: results | D1: banded_score2 | E1: Capped_rank | F1: Conversion | G1: clicks | H1: clicks*rank | I1: results*rank
D2: =IF(AND(B2>0,B2<=150),"<=150",IF(B2>500,"501+",(IF(B2=0,"0",B2)))) -> 0 | E2: =IF(A2>=20,"20+",IF(A2=0,"0",A2)) -> 0 | F2: =_xlfn.IFNA(INDEX('App-Click Conversion by Rank'!$K$12:$S$31,MATCH(E2,'App-Click Conversion by Rank'!$J$12:$J$31,0),MATCH(D2,'App-Click Conversion by Rank'!$K$11:$S$11,0)),0) -> 0 | G2: =C2*F2 -> 0 | H2: =G2*A2 -> 0 | I2: =C2*A2 -> 0
D3: =IF(AND(B3>0,B3<=150),"<=150",IF(B3>500,"501+",(IF(B3=0,"0",B3)))) -> 0 | E3: =IF(A3>=20,"20+",IF(A3=0,"0",A3)) -> 0 | F3: =_xlfn.IFNA(INDEX('App-Click Conversion by Rank'!$K$12:$S$31,MATCH(E3,'App-Click Conversion by Rank'!$J$12:$J$31,0),MATCH(D3,'App-Click Conversion by Rank'!$K$11:$S$11,0)),0) -> 0 | G3: =C3*F3 -> 0 | H3: =G3*A3 -> 0 | I3: =C3*A3 -> 0
D4: =IF(AND(B4>0,B4<=150),"<=150",IF(B4>500,"501+",(IF(B4=0,"0",B4)))) -> 0 | E4: =IF(A4>=20,"20+",IF(A4=0,"0",A4)) -> 0 | F4: =_xlfn.IFNA(INDEX('App-Click Conversion by Rank'!$K$12:$S$31,MATCH(E4,'App-Click Conversion by Rank'!$J$12:$J$31,0),MATCH(D4,'App-Click Conversion by Rank'!$K$11:$S$11,0)),0) -> 0 | G4: =C4*F4 -> 0 | H4: =G4*A4 -> 0 | I4: =C4*A4 -> 0
D5: =IF(AND(B5>0,B5<=150),"<=150",IF(B5>500,"501+",(IF(B5=0,"0",B5)))) -> 0 | E5: =IF(A5>=20,"20+",IF(A5=0,"0",A5)) -> 0 | F5: =_xlfn.IFNA(INDEX('App-Click Conversion by Rank'!$K$12:$S$31,MATCH(E5,'App-Click Conversion by Rank'!$J$12:$J$31,0),MATCH(D5,'App-Click Conversion by Rank'!$K$11:$S$11,0)),0) -> 0 | G5: =C5*F5 -> 0 | H5: =G5*A5 -> 0 | I5: =C5*A5 -> 0
D6: =IF(AND(B6>0,B6<=150),"<=150",IF(B6>500,"501+",(IF(B6=0,"0",B6)))) -> 0 | E6: =IF(A6>=20,"20+",IF(A6=0,"0",A6)) -> 0 | F6: =_xlfn.IFNA(INDEX('App-Click Conversion by Rank'!$K$12:$S$31,MATCH(E6,'App-Click Conversion by Rank'!$J$12:$J$31,0),MATCH(D6,'App-Click Conversion by Rank'!$K$11:$S$11,0)),0) -> 0 | G6: =C6*F6 -> 0 | H6: =G6*A6 -> 0 | I6: =C6*A6 -> 0
D7: =IF(AND(B7>0,B7<=150),"<=150",IF(B7>500,"501+",(IF(B7=0,"0",B7)))) -> 0 | E7: =IF(A7>=20,"20+",IF(A7=0,"0",A7)) -> 0 | F7: =_xlfn.IFNA(INDEX('App-Click Conversion by Rank'!$K$12:$S$31,MATCH(E7,'App-Click Conversion by Rank'!$J$12:$J$31,0),MATCH(D7,'App-Click Conversion by Rank'!$K$11:$S$11,0)),0) -> 0 | G7: =C7*F7 -> 0 | H7: =G7*A7 -> 0 | I7: =C7*A7 -> 0
D8: =IF(AND(B8>0,B8<=150),"<=150",IF(B8>500,"501+",(IF(B8=0,"0",B8)))) -> 0 | E8: =IF(A8>=20,"20+",IF(A8=0,"0",A8)) -> 0 | F8: =_xlfn.IFNA(INDEX('App-Click Conversion by Rank'!$K$12:$S$31,MATCH(E8,'App-Click Conversion by Rank'!$J$12:$J$31,0),MATCH(D8,'App-Click Conversion by Rank'!$K$11:$S$11,0)),0) -> 0 | G8: =C8*F8 -> 0 | H8: =G8*A8 -> 0 | I8: =C8*A8 -> 0
D9: =IF(AND(B9>0,B9<=150),"<=150",IF(B9>500,"501+",(IF(B9=0,"0",B9)))) -> 0 | E9: =IF(A9>=20,"20+",IF(A9=0,"0",A9)) -> 0 | F9: =_xlfn.IFNA(INDEX('App-Click Conversion by Rank'!$K$12:$S$31,MATCH(E9,'App-Click Conversion by Rank'!$J$12:$J$31,0),MATCH(D9,'App-Click Conversion by Rank'!$K$11:$S$11,0)),0) -> 0 | G9: =C9*F9 -> 0 | H9: =G9*A9 -> 0 | I9: =C9*A9 -> 0
D10: =IF(AND(B10>0,B10<=150),"<=150",IF(B10>500,"501+",(IF(B10=0,"0",B10)))) -> 0 | E10: =IF(A10>=20,"20+",IF(A10=0,"0",A10)) -> 0 | F10: =_xlfn.IFNA(INDEX('App-Click Conversion by Rank'!$K$12:$S$31,MATCH(E10,'App-Click Conversion by Rank'!$J$12:$J$31,0),MATCH(D10,'App-Click Conversion by Rank'!$K$11:$S$11,0)),0) -> 0 | G10: =C10*F10 -> 0 | H10: =G10*A10 -> 0 | I10: =C10*A10 -> 0
D11: =IF(AND(B11>0,B11<=150),"<=150",IF(B11>500,"501+",(IF(B11=0,"0",B11)))) -> 0 | E11: =IF(A11>=20,"20+",IF(A11=0,"0",A11)) -> 0 | F11: =_xlfn.IFNA(INDEX('App-Click Conversion by Rank'!$K$12:$S$31,MATCH(E11,'App-Click Conversion by Rank'!$J$12:$J$31,0),MATCH(D11,'App-Click Conversion by Rank'!$K$11:$S$11,0)),0) -> 0 | G11: =C11*F11 -> 0 | H11: =G11*A11 -> 0 | I11: =C11*A11 -> 0
D12: =IF(AND(B12>0,B12<=150),"<=150",IF(B12>500,"501+",(IF(B12=0,"0",B12)))) -> 0 | E12: =IF(A12>=20,"20+",IF(A12=0,"0",A12)) -> 0 | F12: =_xlfn.IFNA(INDEX('App-Click Conversion by Rank'!$K$12:$S$31,MATCH(E12,'App-Click Conversion by Rank'!$J$12:$J$31,0),MATCH(D12,'App-Click Conversion by Rank'!$K$11:$S$11,0)),0) -> 0 | G12: =C12*F12 -> 0 | H12: =G12*A12 -> 0 | I12: =C12*A12 -> 0
D13: =IF(AND(B13>0,B13<=150),"<=150",IF(B13>500,"501+",(IF(B13=0,"0",B13)))) -> 0 | E13: =IF(A13>=20,"20+",IF(A13=0,"0",A13)) -> 0 | F13: =_xlfn.IFNA(INDEX('App-Click Conversion by Rank'!$K$12:$S$31,MATCH(E13,'App-Click Conversion by Rank'!$J$12:$J$31,0),MATCH(D13,'App-Click Conversion by Rank'!$K$11:$S$11,0)),0) -> 0 | G13: =C13*F13 -> 0 | H13: =G13*A13 -> 0 | I13: =C13*A13 -> 0
... D2160: =IF(AND(B2160>0,B2160<=150),"<=150",IF(B2160>500,"501+",(IF(B2160=0,"0",B2160)))) -> 0 | E2160: =IF(A2160>=20,"20+",IF(A2160=0,"0",A2160)) -> 0 | F2160: =_xlfn.IFNA(INDEX('App-Click Conversion by Rank'!$K$12:$S$31,MATCH(E2160,'App-Click Conversion by Rank'!$J$12:$J$31,0),MATCH(D2160,'App-Click Conversion by Rank'!$K$11:$S$11,0)),0) -> 0 | G2160: =C2160*F2160 -> 0 | H2160: =G2160*A2160 -> 0 | I2160: =C2160*A2160 -> 0

Sheet Gamed Scenario 3
A1: final_rank | B1: banded_score | C1: results | D1: banded_score2 | E1: Capped_rank | F1: Conversion | G1: clicks | H1: clicks*rank | I1: results*rank
D2: =IF(AND(B2>0,B2<=150),"<=150",IF(B2>500,"501+",(IF(B2=0,"0",B2)))) -> 0 | E2: =IF(A2>=20,"20+",IF(A2=0,"0",A2)) -> 0 | F2: =_xlfn.IFNA(INDEX('App-Click Conversion by Rank'!$K$12:$S$31,MATCH(E2,'App-Click Conversion by Rank'!$J$12:$J$31,0),MATCH(D2,'App-Click Conversion by Rank'!$K$11:$S$11,0)),0) -> 0 | G2: =C2*F2 -> 0 | H2: =G2*A2 -> 0 | I2: =C2*A2 -> 0
D3: =IF(AND(B3>0,B3<=150),"<=150",IF(B3>500,"501+",(IF(B3=0,"0",B3)))) -> 0 | E3: =IF(A3>=20,"20+",IF(A3=0,"0",A3)) -> 0 | F3: =_xlfn.IFNA(INDEX('App-Click Conversion by Rank'!$K$12:$S$31,MATCH(E3,'App-Click Conversion by Rank'!$J$12:$J$31,0),MATCH(D3,'App-Click Conversion by Rank'!$K$11:$S$11,0)),0) -> 0 | G3: =C3*F3 -> 0 | H3: =G3*A3 -> 0 | I3: =C3*A3 -> 0
D4: =IF(AND(B4>0,B4<=150),"<=150",IF(B4>500,"501+",(IF(B4=0,"0",B4)))) -> 0 | E4: =IF(A4>=20,"20+",IF(A4=0,"0",A4)) -> 0 | F4: =_xlfn.IFNA(INDEX('App-Click Conversion by Rank'!$K$12:$S$31,MATCH(E4,'App-Click Conversion by Rank'!$J$12:$J$31,0),MATCH(D4,'App-Click Conversion by Rank'!$K$11:$S$11,0)),0) -> 0 | G4: =C4*F4 -> 0 | H4: =G4*A4 -> 0 | I4: =C4*A4 -> 0
D5: =IF(AND(B5>0,B5<=150),"<=150",IF(B5>500,"501+",(IF(B5=0,"0",B5)))) -> 0 | E5: =IF(A5>=20,"20+",IF(A5=0,"0",A5)) -> 0 | F5: =_xlfn.IFNA(INDEX('App-Click Conversion by Rank'!$K$12:$S$31,MATCH(E5,'App-Click Conversion by Rank'!$J$12:$J$31,0),MATCH(D5,'App-Click Conversion by Rank'!$K$11:$S$11,0)),0) -> 0 | G5: =C5*F5 -> 0 | H5: =G5*A5 -> 0 | I5: =C5*A5 -> 0
D6: =IF(AND(B6>0,B6<=150),"<=150",IF(B6>500,"501+",(IF(B6=0,"0",B6)))) -> 0 | E6: =IF(A6>=20,"20+",IF(A6=0,"0",A6)) -> 0 | F6: =_xlfn.IFNA(INDEX('App-Click Conversion by Rank'!$K$12:$S$31,MATCH(E6,'App-Click Conversion by Rank'!$J$12:$J$31,0),MATCH(D6,'App-Click Conversion by Rank'!$K$11:$S$11,0)),0) -> 0 | G6: =C6*F6 -> 0 | H6: =G6*A6 -> 0 | I6: =C6*A6 -> 0
D7: =IF(AND(B7>0,B7<=150),"<=150",IF(B7>500,"501+",(IF(B7=0,"0",B7)))) -> 0 | E7: =IF(A7>=20,"20+",IF(A7=0,"0",A7)) -> 0 | F7: =_xlfn.IFNA(INDEX('App-Click Conversion by Rank'!$K$12:$S$31,MATCH(E7,'App-Click Conversion by Rank'!$J$12:$J$31,0),MATCH(D7,'App-Click Conversion by Rank'!$K$11:$S$11,0)),0) -> 0 | G7: =C7*F7 -> 0 | H7: =G7*A7 -> 0 | I7: =C7*A7 -> 0
D8: =IF(AND(B8>0,B8<=150),"<=150",IF(B8>500,"501+",(IF(B8=0,"0",B8)))) -> 0 | E8: =IF(A8>=20,"20+",IF(A8=0,"0",A8)) -> 0 | F8: =_xlfn.IFNA(INDEX('App-Click Conversion by Rank'!$K$12:$S$31,MATCH(E8,'App-Click Conversion by Rank'!$J$12:$J$31,0),MATCH(D8,'App-Click Conversion by Rank'!$K$11:$S$11,0)),0) -> 0 | G8: =C8*F8 -> 0 | H8: =G8*A8 -> 0 | I8: =C8*A8 -> 0
D9: =IF(AND(B9>0,B9<=150),"<=150",IF(B9>500,"501+",(IF(B9=0,"0",B9)))) -> 0 | E9: =IF(A9>=20,"20+",IF(A9=0,"0",A9)) -> 0 | F9: =_xlfn.IFNA(INDEX('App-Click Conversion by Rank'!$K$12:$S$31,MATCH(E9,'App-Click Conversion by Rank'!$J$12:$J$31,0),MATCH(D9,'App-Click Conversion by Rank'!$K$11:$S$11,0)),0) -> 0 | G9: =C9*F9 -> 0 | H9: =G9*A9 -> 0 | I9: =C9*A9 -> 0
D10: =IF(AND(B10>0,B10<=150),"<=150",IF(B10>500,"501+",(IF(B10=0,"0",B10)))) -> 0 | E10: =IF(A10>=20,"20+",IF(A10=0,"0",A10)) -> 0 | F10: =_xlfn.IFNA(INDEX('App-Click Conversion by Rank'!$K$12:$S$31,MATCH(E10,'App-Click Conversion by Rank'!$J$12:$J$31,0),MATCH(D10,'App-Click Conversion by Rank'!$K$11:$S$11,0)),0) -> 0 | G10: =C10*F10 -> 0 | H10: =G10*A10 -> 0 | I10: =C10*A10 -> 0
D11: =IF(AND(B11>0,B11<=150),"<=150",IF(B11>500,"501+",(IF(B11=0,"0",B11)))) -> 0 | E11: =IF(A11>=20,"20+",IF(A11=0,"0",A11)) -> 0 | F11: =_xlfn.IFNA(INDEX('App-Click Conversion by Rank'!$K$12:$S$31,MATCH(E11,'App-Click Conversion by Rank'!$J$12:$J$31,0),MATCH(D11,'App-Click Conversion by Rank'!$K$11:$S$11,0)),0) -> 0 | G11: =C11*F11 -> 0 | H11: =G11*A11 -> 0 | I11: =C11*A11 -> 0
D12: =IF(AND(B12>0,B12<=150),"<=150",IF(B12>500,"501+",(IF(B12=0,"0",B12)))) -> 0 | E12: =IF(A12>=20,"20+",IF(A12=0,"0",A12)) -> 0 | F12: =_xlfn.IFNA(INDEX('App-Click Conversion by Rank'!$K$12:$S$31,MATCH(E12,'App-Click Conversion by Rank'!$J$12:$J$31,0),MATCH(D12,'App-Click Conversion by Rank'!$K$11:$S$11,0)),0) -> 0 | G12: =C12*F12 -> 0 | H12: =G12*A12 -> 0 | I12: =C12*A12 -> 0
D13: =IF(AND(B13>0,B13<=150),"<=150",IF(B13>500,"501+",(IF(B13=0,"0",B13)))) -> 0 | E13: =IF(A13>=20,"20+",IF(A13=0,"0",A13)) -> 0 | F13: =_xlfn.IFNA(INDEX('App-Click Conversion by Rank'!$K$12:$S$31,MATCH(E13,'App-Click Conversion by Rank'!$J$12:$J$31,0),MATCH(D13,'App-Click Conversion by Rank'!$K$11:$S$11,0)),0) -> 0 | G13: =C13*F13 -> 0 | H13: =G13*A13 -> 0 | I13: =C13*A13 -> 0
... D2160: =IF(AND(B2160>0,B2160<=150),"<=150",IF(B2160>500,"501+",(IF(B2160=0,"0",B2160)))) -> 0 | E2160: =IF(A2160>=20,"20+",IF(A2160=0,"0",A2160)) -> 0 | F2160: =_xlfn.IFNA(INDEX('App-Click Conversion by Rank'!$K$12:$S$31,MATCH(E2160,'App-Click Conversion by Rank'!$J$12:$J$31,0),MATCH(D2160,'App-Click Conversion by Rank'!$K$11:$S$11,0)),0) -> 0 | G2160: =C2160*F2160 -> 0 | H2160: =G2160*A2160 -> 0 | I2160: =C2160*A2160 -> 0

Sheet Gamed Scenario 4
A1: final_rank | B1: banded_score | C1: results | D1: banded_score2 | E1: Capped_rank | F1: Conversion | G1: clicks | H1: clicks*rank | I1: results*rank
D2: =IF(AND(B2>0,B2<=150),"<=150",IF(B2>500,"501+",(IF(B2=0,"0",B2)))) -> 0 | E2: =IF(A2>=20,"20+",IF(A2=0,"0",A2)) -> 0 | F2: =_xlfn.IFNA(INDEX('App-Click Conversion by Rank'!$K$12:$S$31,MATCH(E2,'App-Click Conversion by Rank'!$J$12:$J$31,0),MATCH(D2,'App-Click Conversion by Rank'!$K$11:$S$11,0)),0) -> 0 | G2: =C2*F2 -> 0 | H2: =G2*A2 -> 0 | I2: =C2*A2 -> 0
D3: =IF(AND(B3>0,B3<=150),"<=150",IF(B3>500,"501+",(IF(B3=0,"0",B3)))) -> 0 | E3: =IF(A3>=20,"20+",IF(A3=0,"0",A3)) -> 0 | F3: =_xlfn.IFNA(INDEX('App-Click Conversion by Rank'!$K$12:$S$31,MATCH(E3,'App-Click Conversion by Rank'!$J$12:$J$31,0),MATCH(D3,'App-Click Conversion by Rank'!$K$11:$S$11,0)),0) -> 0 | G3: =C3*F3 -> 0 | H3: =G3*A3 -> 0 | I3: =C3*A3 -> 0
D4: =IF(AND(B4>0,B4<=150),"<=150",IF(B4>500,"501+",(IF(B4=0,"0",B4)))) -> 0 | E4: =IF(A4>=20,"20+",IF(A4=0,"0",A4)) -> 0 | F4: =_xlfn.IFNA(INDEX('App-Click Conversion by Rank'!$K$12:$S$31,MATCH(E4,'App-Click Conversion by Rank'!$J$12:$J$31,0),MATCH(D4,'App-Click Conversion by Rank'!$K$11:$S$11,0)),0) -> 0 | G4: =C4*F4 -> 0 | H4: =G4*A4 -> 0 | I4: =C4*A4 -> 0
D5: =IF(AND(B5>0,B5<=150),"<=150",IF(B5>500,"501+",(IF(B5=0,"0",B5)))) -> 0 | E5: =IF(A5>=20,"20+",IF(A5=0,"0",A5)) -> 0 | F5: =_xlfn.IFNA(INDEX('App-Click Conversion by Rank'!$K$12:$S$31,MATCH(E5,'App-Click Conversion by Rank'!$J$12:$J$31,0),MATCH(D5,'App-Click Conversion by Rank'!$K$11:$S$11,0)),0) -> 0 | G5: =C5*F5 -> 0 | H5: =G5*A5 -> 0 | I5: =C5*A5 -> 0
D6: =IF(AND(B6>0,B6<=150),"<=150",IF(B6>500,"501+",(IF(B6=0,"0",B6)))) -> 0 | E6: =IF(A6>=20,"20+",IF(A6=0,"0",A6)) -> 0 | F6: =_xlfn.IFNA(INDEX('App-Click Conversion by Rank'!$K$12:$S$31,MATCH(E6,'App-Click Conversion by Rank'!$J$12:$J$31,0),MATCH(D6,'App-Click Conversion by Rank'!$K$11:$S$11,0)),0) -> 0 | G6: =C6*F6 -> 0 | H6: =G6*A6 -> 0 | I6: =C6*A6 -> 0
D7: =IF(AND(B7>0,B7<=150),"<=150",IF(B7>500,"501+",(IF(B7=0,"0",B7)))) -> 0 | E7: =IF(A7>=20,"20+",IF(A7=0,"0",A7)) -> 0 | F7: =_xlfn.IFNA(INDEX('App-Click Conversion by Rank'!$K$12:$S$31,MATCH(E7,'App-Click Conversion by Rank'!$J$12:$J$31,0),MATCH(D7,'App-Click Conversion by Rank'!$K$11:$S$11,0)),0) -> 0 | G7: =C7*F7 -> 0 | H7: =G7*A7 -> 0 | I7: =C7*A7 -> 0
D8: =IF(AND(B8>0,B8<=150),"<=150",IF(B8>500,"501+",(IF(B8=0,"0",B8)))) -> 0 | E8: =IF(A8>=20,"20+",IF(A8=0,"0",A8)) -> 0 | F8: =_xlfn.IFNA(INDEX('App-Click Conversion by Rank'!$K$12:$S$31,MATCH(E8,'App-Click Conversion by Rank'!$J$12:$J$31,0),MATCH(D8,'App-Click Conversion by Rank'!$K$11:$S$11,0)),0) -> 0 | G8: =C8*F8 -> 0 | H8: =G8*A8 -> 0 | I8: =C8*A8 -> 0
D9: =IF(AND(B9>0,B9<=150),"<=150",IF(B9>500,"501+",(IF(B9=0,"0",B9)))) -> 0 | E9: =IF(A9>=20,"20+",IF(A9=0,"0",A9)) -> 0 | F9: =_xlfn.IFNA(INDEX('App-Click Conversion by Rank'!$K$12:$S$31,MATCH(E9,'App-Click Conversion by Rank'!$J$12:$J$31,0),MATCH(D9,'App-Click Conversion by Rank'!$K$11:$S$11,0)),0) -> 0 | G9: =C9*F9 -> 0 | H9: =G9*A9 -> 0 | I9: =C9*A9 -> 0
D10: =IF(AND(B10>0,B10<=150),"<=150",IF(B10>500,"501+",(IF(B10=0,"0",B10)))) -> 0 | E10: =IF(A10>=20,"20+",IF(A10=0,"0",A10)) -> 0 | F10: =_xlfn.IFNA(INDEX('App-Click Conversion by Rank'!$K$12:$S$31,MATCH(E10,'App-Click Conversion by Rank'!$J$12:$J$31,0),MATCH(D10,'App-Click Conversion by Rank'!$K$11:$S$11,0)),0) -> 0 | G10: =C10*F10 -> 0 | H10: =G10*A10 -> 0 | I10: =C10*A10 -> 0
D11: =IF(AND(B11>0,B11<=150),"<=150",IF(B11>500,"501+",(IF(B11=0,"0",B11)))) -> 0 | E11: =IF(A11>=20,"20+",IF(A11=0,"0",A11)) -> 0 | F11: =_xlfn.IFNA(INDEX('App-Click Conversion by Rank'!$K$12:$S$31,MATCH(E11,'App-Click Conversion by Rank'!$J$12:$J$31,0),MATCH(D11,'App-Click Conversion by Rank'!$K$11:$S$11,0)),0) -> 0 | G11: =C11*F11 -> 0 | H11: =G11*A11 -> 0 | I11: =C11*A11 -> 0
D12: =IF(AND(B12>0,B12<=150),"<=150",IF(B12>500,"501+",(IF(B12=0,"0",B12)))) -> 0 | E12: =IF(A12>=20,"20+",IF(A12=0,"0",A12)) -> 0 | F12: =_xlfn.IFNA(INDEX('App-Click Conversion by Rank'!$K$12:$S$31,MATCH(E12,'App-Click Conversion by Rank'!$J$12:$J$31,0),MATCH(D12,'App-Click Conversion by Rank'!$K$11:$S$11,0)),0) -> 0 | G12: =C12*F12 -> 0 | H12: =G12*A12 -> 0 | I12: =C12*A12 -> 0
D13: =IF(AND(B13>0,B13<=150),"<=150",IF(B13>500,"501+",(IF(B13=0,"0",B13)))) -> 0 | E13: =IF(A13>=20,"20+",IF(A13=0,"0",A13)) -> 0 | F13: =_xlfn.IFNA(INDEX('App-Click Conversion by Rank'!$K$12:$S$31,MATCH(E13,'App-Click Conversion by Rank'!$J$12:$J$31,0),MATCH(D13,'App-Click Conversion by Rank'!$K$11:$S$11,0)),0) -> 0 | G13: =C13*F13 -> 0 | H13: =G13*A13 -> 0 | I13: =C13*A13 -> 0
... D2160: =IF(AND(B2160>0,B2160<=150),"<=150",IF(B2160>500,"501+",(IF(B2160=0,"0",B2160)))) -> 0 | E2160: =IF(A2160>=20,"20+",IF(A2160=0,"0",A2160)) -> 0 | F2160: =_xlfn.IFNA(INDEX('App-Click Conversion by Rank'!$K$12:$S$31,MATCH(E2160,'App-Click Conversion by Rank'!$J$12:$J$31,0),MATCH(D2160,'App-Click Conversion by Rank'!$K$11:$S$11,0)),0) -> 0 | G2160: =C2160*F2160 -> 0 | H2160: =G2160*A2160 -> 0 | I2160: =C2160*A2160 -> 0

Sheet Gamed Scenario 5
A1: final_rank | B1: banded_score | C1: results | D1: banded_score2 | E1: Capped_rank | F1: Conversion | G1: clicks | H1: clicks*rank | I1: results*rank
D2: =IF(AND(B2>0,B2<=150),"<=150",IF(B2>500,"501+",(IF(B2=0,"0",B2)))) -> 0 | E2: =IF(A2>=20,"20+",IF(A2=0,"0",A2)) -> 0 | F2: =_xlfn.IFNA(INDEX('App-Click Conversion by Rank'!$K$12:$S$31,MATCH(E2,'App-Click Conversion by Rank'!$J$12:$J$31,0),MATCH(D2,'App-Click Conversion by Rank'!$K$11:$S$11,0)),0) -> 0 | G2: =C2*F2 -> 0 | H2: =G2*A2 -> 0 | I2: =C2*A2 -> 0
D3: =IF(AND(B3>0,B3<=150),"<=150",IF(B3>500,"501+",(IF(B3=0,"0",B3)))) -> 0 | E3: =IF(A3>=20,"20+",IF(A3=0,"0",A3)) -> 0 | F3: =_xlfn.IFNA(INDEX('App-Click Conversion by Rank'!$K$12:$S$31,MATCH(E3,'App-Click Conversion by Rank'!$J$12:$J$31,0),MATCH(D3,'App-Click Conversion by Rank'!$K$11:$S$11,0)),0) -> 0 | G3: =C3*F3 -> 0 | H3: =G3*A3 -> 0 | I3: =C3*A3 -> 0
D4: =IF(AND(B4>0,B4<=150),"<=150",IF(B4>500,"501+",(IF(B4=0,"0",B4)))) -> 0 | E4: =IF(A4>=20,"20+",IF(A4=0,"0",A4)) -> 0 | F4: =_xlfn.IFNA(INDEX('App-Click Conversion by Rank'!$K$12:$S$31,MATCH(E4,'App-Click Conversion by Rank'!$J$12:$J$31,0),MATCH(D4,'App-Click Conversion by Rank'!$K$11:$S$11,0)),0) -> 0 | G4: =C4*F4 -> 0 | H4: =G4*A4 -> 0 | I4: =C4*A4 -> 0
D5: =IF(AND(B5>0,B5<=150),"<=150",IF(B5>500,"501+",(IF(B5=0,"0",B5)))) -> 0 | E5: =IF(A5>=20,"20+",IF(A5=0,"0",A5)) -> 0 | F5: =_xlfn.IFNA(INDEX('App-Click Conversion by Rank'!$K$12:$S$31,MATCH(E5,'App-Click Conversion by Rank'!$J$12:$J$31,0),MATCH(D5,'App-Click Conversion by Rank'!$K$11:$S$11,0)),0) -> 0 | G5: =C5*F5 -> 0 | H5: =G5*A5 -> 0 | I5: =C5*A5 -> 0
D6: =IF(AND(B6>0,B6<=150),"<=150",IF(B6>500,"501+",(IF(B6=0,"0",B6)))) -> 0 | E6: =IF(A6>=20,"20+",IF(A6=0,"0",A6)) -> 0 | F6: =_xlfn.IFNA(INDEX('App-Click Conversion by Rank'!$K$12:$S$31,MATCH(E6,'App-Click Conversion by Rank'!$J$12:$J$31,0),MATCH(D6,'App-Click Conversion by Rank'!$K$11:$S$11,0)),0) -> 0 | G6: =C6*F6 -> 0 | H6: =G6*A6 -> 0 | I6: =C6*A6 -> 0
D7: =IF(AND(B7>0,B7<=150),"<=150",IF(B7>500,"501+",(IF(B7=0,"0",B7)))) -> 0 | E7: =IF(A7>=20,"20+",IF(A7=0,"0",A7)) -> 0 | F7: =_xlfn.IFNA(INDEX('App-Click Conversion by Rank'!$K$12:$S$31,MATCH(E7,'App-Click Conversion by Rank'!$J$12:$J$31,0),MATCH(D7,'App-Click Conversion by Rank'!$K$11:$S$11,0)),0) -> 0 | G7: =C7*F7 -> 0 | H7: =G7*A7 -> 0 | I7: =C7*A7 -> 0
D8: =IF(AND(B8>0,B8<=150),"<=150",IF(B8>500,"501+",(IF(B8=0,"0",B8)))) -> 0 | E8: =IF(A8>=20,"20+",IF(A8=0,"0",A8)) -> 0 | F8: =_xlfn.IFNA(INDEX('App-Click Conversion by Rank'!$K$12:$S$31,MATCH(E8,'App-Click Conversion by Rank'!$J$12:$J$31,0),MATCH(D8,'App-Click Conversion by Rank'!$K$11:$S$11,0)),0) -> 0 | G8: =C8*F8 -> 0 | H8: =G8*A8 -> 0 | I8: =C8*A8 -> 0
D9: =IF(AND(B9>0,B9<=150),"<=150",IF(B9>500,"501+",(IF(B9=0,"0",B9)))) -> 0 | E9: =IF(A9>=20,"20+",IF(A9=0,"0",A9)) -> 0 | F9: =_xlfn.IFNA(INDEX('App-Click Conversion by Rank'!$K$12:$S$31,MATCH(E9,'App-Click Conversion by Rank'!$J$12:$J$31,0),MATCH(D9,'App-Click Conversion by Rank'!$K$11:$S$11,0)),0) -> 0 | G9: =C9*F9 -> 0 | H9: =G9*A9 -> 0 | I9: =C9*A9 -> 0
D10: =IF(AND(B10>0,B10<=150),"<=150",IF(B10>500,"501+",(IF(B10=0,"0",B10)))) -> 0 | E10: =IF(A10>=20,"20+",IF(A10=0,"0",A10)) -> 0 | F10: =_xlfn.IFNA(INDEX('App-Click Conversion by Rank'!$K$12:$S$31,MATCH(E10,'App-Click Conversion by Rank'!$J$12:$J$31,0),MATCH(D10,'App-Click Conversion by Rank'!$K$11:$S$11,0)),0) -> 0 | G10: =C10*F10 -> 0 | H10: =G10*A10 -> 0 | I10: =C10*A10 -> 0
D11: =IF(AND(B11>0,B11<=150),"<=150",IF(B11>500,"501+",(IF(B11=0,"0",B11)))) -> 0 | E11: =IF(A11>=20,"20+",IF(A11=0,"0",A11)) -> 0 | F11: =_xlfn.IFNA(INDEX('App-Click Conversion by Rank'!$K$12:$S$31,MATCH(E11,'App-Click Conversion by Rank'!$J$12:$J$31,0),MATCH(D11,'App-Click Conversion by Rank'!$K$11:$S$11,0)),0) -> 0 | G11: =C11*F11 -> 0 | H11: =G11*A11 -> 0 | I11: =C11*A11 -> 0
D12: =IF(AND(B12>0,B12<=150),"<=150",IF(B12>500,"501+",(IF(B12=0,"0",B12)))) -> 0 | E12: =IF(A12>=20,"20+",IF(A12=0,"0",A12)) -> 0 | F12: =_xlfn.IFNA(INDEX('App-Click Conversion by Rank'!$K$12:$S$31,MATCH(E12,'App-Click Conversion by Rank'!$J$12:$J$31,0),MATCH(D12,'App-Click Conversion by Rank'!$K$11:$S$11,0)),0) -> 0 | G12: =C12*F12 -> 0 | H12: =G12*A12 -> 0 | I12: =C12*A12 -> 0
D13: =IF(AND(B13>0,B13<=150),"<=150",IF(B13>500,"501+",(IF(B13=0,"0",B13)))) -> 0 | E13: =IF(A13>=20,"20+",IF(A13=0,"0",A13)) -> 0 | F13: =_xlfn.IFNA(INDEX('App-Click Conversion by Rank'!$K$12:$S$31,MATCH(E13,'App-Click Conversion by Rank'!$J$12:$J$31,0),MATCH(D13,'App-Click Conversion by Rank'!$K$11:$S$11,0)),0) -> 0 | G13: =C13*F13 -> 0 | H13: =G13*A13 -> 0 | I13: =C13*A13 -> 0
... D2160: =IF(AND(B2160>0,B2160<=150),"<=150",IF(B2160>500,"501+",(IF(B2160=0,"0",B2160)))) -> 0 | E2160: =IF(A2160>=20,"20+",IF(A2160=0,"0",A2160)) -> 0 | F2160: =_xlfn.IFNA(INDEX('App-Click Conversion by Rank'!$K$12:$S$31,MATCH(E2160,'App-Click Conversion by Rank'!$J$12:$J$31,0),MATCH(D2160,'App-Click Conversion by Rank'!$K$11:$S$11,0)),0) -> 0 | G2160: =C2160*F2160 -> 0 | H2160: =G2160*A2160 -> 0 | I2160: =C2160*A2160 -> 0

Sheet App-Click Conversion by Rank
C2: Cards App-Click Conversion by Result Rank
C9: App-Click Conversion by Rank and Score | J9: Chart View
A11: capped_score_formatted | B11: capped_rank_formatted | C11: capped_score | D11: capped_rank | E11: total_clicks | F11: total_views | G11: % | H11: Index | J11: capped_rank | K11: <=150 | L11: 200 | M11: 250 | N11: 300 | O11: 350 | P11: 400 | Q11: 450 | R11: 500 | S11: 501+
A12: =IF(C12=150, "<=150", C12) -> 0 | B12: =IF(D12=99, "20+", D12) -> 0 | G12: =E12/F12 -> #DIV/0! | H12: =CONCATENATE(A12,IF(LEN(B12)=1,CONCATENATE(0,B12),B12)) -> 000 | J12: 1 | K12: =_xlfn.IFNA(INDEX($G$12:$G$192,MATCH(CONCATENATE(K$11,IF(LEN($J12)=1,CONCATENATE(0,$J12),$J12)),$H$12:$H$192,0)),0) -> 0 | L12: =_xlfn.IFNA(INDEX($G$12:$G$192,MATCH(CONCATENATE(L$11,IF(LEN($J12)=1,CONCATENATE(0,$J12),$J12)),$H$12:$H$192,0)),0) -> 0 | M12: =_xlfn.IFNA(INDEX($G$12:$G$192,MATCH(CONCATENATE(M$11,IF(LEN($J12)=1,CONCATENATE(0,$J12),$J12)),$H$12:$H$192,0)),0) -> 0 | N12: =_xlfn.IFNA(INDEX($G$12:$G$192,MATCH(CONCATENATE(N$11,IF(LEN($J12)=1,CONCATENATE(0,$J12),$J12)),$H$12:$H$192,0)),0) -> 0 | O12: =_xlfn.IFNA(INDEX($G$12:$G$192,MATCH(CONCATENATE(O$11,IF(LEN($J12)=1,CONCATENATE(0,$J12),$J12)),$H$12:$H$192,0)),0) -> 0 | P12: =_xlfn.IFNA(INDEX($G$12:$G$192,MATCH(CONCATENATE(P$11,IF(LEN($J12)=1,CONCATENATE(0,$J12),$J12)),$H$12:$H$192,0)),0) -> 0 | Q12: =_xlfn.IFNA(INDEX($G$12:$G$192,MATCH(CONCATENATE(Q$11,IF(LEN($J12)=1,CONCATENATE(0,$J12),$J12)),$H$12:$H$192,0)),0) -> 0 | R12: =_xlfn.IFNA(INDEX($G$12:$G$192,MATCH(CONCATENATE(R$11,IF(LEN($J12)=1,CONCATENATE(0,$J12),$J12)),$H$12:$H$192,0)),0) -> 0 | S12: =_xlfn.IFNA(INDEX($G$12:$G$192,MATCH(CONCATENATE(S$11,IF(LEN($J12)=1,CONCATENATE(0,$J12),$J12)),$H$12:$H$192,0)),0) -> 0
A13: =IF(C13=150, "<=150", C13) -> 0 | B13: =IF(D13=99, "20+", D13) -> 0 | G13: =E13/F13 -> #DIV/0! | H13: =CONCATENATE(A13,IF(LEN(B13)=1,CONCATENATE(0,B13),B13)) -> 000 | J13: 2 | K13: =_xlfn.IFNA(INDEX($G$12:$G$192,MATCH(CONCATENATE(K$11,IF(LEN($J13)=1,CONCATENATE(0,$J13),$J13)),$H$12:$H$192,0)),0) -> 0 | L13: =_xlfn.IFNA(INDEX($G$12:$G$192,MATCH(CONCATENATE(L$11,IF(LEN($J13)=1,CONCATENATE(0,$J13),$J13)),$H$12:$H$192,0)),0) -> 0 | M13: =_xlfn.IFNA(INDEX($G$12:$G$192,MATCH(CONCATENATE(M$11,IF(LEN($J13)=1,CONCATENATE(0,$J13),$J13)),$H$12:$H$192,0)),0) -> 0 | N13: =_xlfn.IFNA(INDEX($G$12:$G$192,MATCH(CONCATENATE(N$11,IF(LEN($J13)=1,CONCATENATE(0,$J13),$J13)),$H$12:$H$192,0)),0) -> 0 | O13: =_xlfn.IFNA(INDEX($G$12:$G$192,MATCH(CONCATENATE(O$11,IF(LEN($J13)=1,CONCATENATE(0,$J13),$J13)),$H$12:$H$192,0)),0) -> 0 | P13: =_xlfn.IFNA(INDEX($G$12:$G$192,MATCH(CONCATENATE(P$11,IF(LEN($J13)=1,CONCATENATE(0,$J13),$J13)),$H$12:$H$192,0)),0) -> 0 | Q13: =_xlfn.IFNA(INDEX($G$12:$G$192,MATCH(CONCATENATE(Q$11,IF(LEN($J13)=1,CONCATENATE(0,$J13),$J13)),$H$12:$H$192,0)),0) -> 0 | R13: =_xlfn.IFNA(INDEX($G$12:$G$192,MATCH(CONCATENATE(R$11,IF(LEN($J13)=1,CONCATENATE(0,$J13),$J13)),$H$12:$H$192,0)),0) -> 0 | S13: =_xlfn.IFNA(INDEX($G$12:$G$192,MATCH(CONCATENATE(S$11,IF(LEN($J13)=1,CONCATENATE(0,$J13),$J13)),$H$12:$H$192,0)),0) -> 0
A14: =IF(C14=150, "<=150", C14) -> 0 | B14: =IF(D14=99, "20+", D14) -> 0 | G14: =E14/F14 -> #DIV/0! | H14: =CONCATENATE(A14,IF(LEN(B14)=1,CONCATENATE(0,B14),B14)) -> 000 | J14: 3 | K14: =_xlfn.IFNA(INDEX($G$12:$G$192,MATCH(CONCATENATE(K$11,IF(LEN($J14)=1,CONCATENATE(0,$J14),$J14)),$H$12:$H$192,0)),0) -> 0 | L14: =_xlfn.IFNA(INDEX($G$12:$G$192,MATCH(CONCATENATE(L$11,IF(LEN($J14)=1,CONCATENATE(0,$J14),$J14)),$H$12:$H$192,0)),0) -> 0 | M14: =_xlfn.IFNA(INDEX($G$12:$G$192,MATCH(CONCATENATE(M$11,IF(LEN($J14)=1,CONCATENATE(0,$J14),$J14)),$H$12:$H$192,0)),0) -> 0 | N14: =_xlfn.IFNA(INDEX($G$12:$G$192,MATCH(CONCATENATE(N$11,IF(LEN($J14)=1,CONCATENATE(0,$J14),$J14)),$H$12:$H$192,0)),0) -> 0 | O14: =_xlfn.IFNA(INDEX($G$12:$G$192,MATCH(CONCATENATE(O$11,IF(LEN($J14)=1,CONCATENATE(0,$J14),$J14)),$H$12:$H$192,0)),0) -> 0 | P14: =_xlfn.IFNA(INDEX($G$12:$G$192,MATCH(CONCATENATE(P$11,IF(LEN($J14)=1,CONCATENATE(0,$J14),$J14)),$H$12:$H$192,0)),0) -> 0 | Q14: =_xlfn.IFNA(INDEX($G$12:$G$192,MATCH(CONCATENATE(Q$11,IF(LEN($J14)=1,CONCATENATE(0,$J14),$J14)),$H$12:$H$192,0)),0) -> 0 | R14: =_xlfn.IFNA(INDEX($G$12:$G$192,MATCH(CONCATENATE(R$11,IF(LEN($J14)=1,CONCATENATE(0,$J14),$J14)),$H$12:$H$192,0)),0) -> 0 | S14: =_xlfn.IFNA(INDEX($G$12:$G$192,MATCH(CONCATENATE(S$11,IF(LEN($J14)=1,CONCATENATE(0,$J14),$J14)),$H$12:$H$192,0)),0) -> 0
A15: =IF(C15=150, "<=150", C15) -> 0 | B15: =IF(D15=99, "20+", D15) -> 0 | G15: =E15/F15 -> #DIV/0! | H15: =CONCATENATE(A15,IF(LEN(B15)=1,CONCATENATE(0,B15),B15)) -> 000 | J15: 4 | K15: =_xlfn.IFNA(INDEX($G$12:$G$192,MATCH(CONCATENATE(K$11,IF(LEN($J15)=1,CONCATENATE(0,$J15),$J15)),$H$12:$H$192,0)),0) -> 0 | L15: =_xlfn.IFNA(INDEX($G$12:$G$192,MATCH(CONCATENATE(L$11,IF(LEN($J15)=1,CONCATENATE(0,$J15),$J15)),$H$12:$H$192,0)),0) -> 0 | M15: =_xlfn.IFNA(INDEX($G$12:$G$192,MATCH(CONCATENATE(M$11,IF(LEN($J15)=1,CONCATENATE(0,$J15),$J15)),$H$12:$H$192,0)),0) -> 0 | N15: =_xlfn.IFNA(INDEX($G$12:$G$192,MATCH(CONCATENATE(N$11,IF(LEN($J15)=1,CONCATENATE(0,$J15),$J15)),$H$12:$H$192,0)),0) -> 0 | O15: =_xlfn.IFNA(INDEX($G$12:$G$192,MATCH(CONCATENATE(O$11,IF(LEN($J15)=1,CONCATENATE(0,$J15),$J15)),$H$12:$H$192,0)),0) -> 0 | P15: =_xlfn.IFNA(INDEX($G$12:$G$192,MATCH(CONCATENATE(P$11,IF(LEN($J15)=1,CONCATENATE(0,$J15),$J15)),$H$12:$H$192,0)),0) -> 0 | Q15: =_xlfn.IFNA(INDEX($G$12:$G$192,MATCH(CONCATENATE(Q$11,IF(LEN($J15)=1,CONCATENATE(0,$J15),$J15)),$H$12:$H$192,0)),0) -> 0 | R15: =_xlfn.IFNA(INDEX($G$12:$G$192,MATCH(CONCATENATE(R$11,IF(LEN($J15)=1,CONCATENATE(0,$J15),$J15)),$H$12:$H$192,0)),0) -> 0 | S15: =_xlfn.IFNA(INDEX($G$12:$G$192,MATCH(CONCATENATE(S$11,IF(LEN($J15)=1,CONCATENATE(0,$J15),$J15)),$H$12:$H$192,0)),0) -> 0
A16: =IF(C16=150, "<=150", C16) -> 0 | B16: =IF(D16=99, "20+", D16) -> 0 | G16: =E16/F16 -> #DIV/0! | H16: =CONCATENATE(A16,IF(LEN(B16)=1,CONCATENATE(0,B16),B16)) -> 000 | J16: 5 | K16: =_xlfn.IFNA(INDEX($G$12:$G$192,MATCH(CONCATENATE(K$11,IF(LEN($J16)=1,CONCATENATE(0,$J16),$J16)),$H$12:$H$192,0)),0) -> 0 | L16: =_xlfn.IFNA(INDEX($G$12:$G$192,MATCH(CONCATENATE(L$11,IF(LEN($J16)=1,CONCATENATE(0,$J16),$J16)),$H$12:$H$192,0)),0) -> 0 | M16: =_xlfn.IFNA(INDEX($G$12:$G$192,MATCH(CONCATENATE(M$11,IF(LEN($J16)=1,CONCATENATE(0,$J16),$J16)),$H$12:$H$192,0)),0) -> 0 | N16: =_xlfn.IFNA(INDEX($G$12:$G$192,MATCH(CONCATENATE(N$11,IF(LEN($J16)=1,CONCATENATE(0,$J16),$J16)),$H$12:$H$192,0)),0) -> 0 | O16: =_xlfn.IFNA(INDEX($G$12:$G$192,MATCH(CONCATENATE(O$11,IF(LEN($J16)=1,CONCATENATE(0,$J16),$J16)),$H$12:$H$192,0)),0) -> 0 | P16: =_xlfn.IFNA(INDEX($G$12:$G$192,MATCH(CONCATENATE(P$11,IF(LEN($J16)=1,CONCATENATE(0,$J16),$J16)),$H$12:$H$192,0)),0) -> 0 | Q16: =_xlfn.IFNA(INDEX($G$12:$G$192,MATCH(CONCATENATE(Q$11,IF(LEN($J16)=1,CONCATENATE(0,$J16),$J16)),$H$12:$H$192,0)),0) -> 0 | R16: =_xlfn.IFNA(INDEX($G$12:$G$192,MATCH(CONCATENATE(R$11,IF(LEN($J16)=1,CONCATENATE(0,$J16),$J16)),$H$12:$H$192,0)),0) -> 0 | S16: =_xlfn.IFNA(INDEX($G$12:$G$192,MATCH(CONCATENATE(S$11,IF(LEN($J16)=1,CONCATENATE(0,$J16),$J16)),$H$12:$H$192,0)),0) -> 0
A17: =IF(C17=150, "<=150", C17) -> 0 | B17: =IF(D17=99, "20+", D17) -> 0 | G17: =E17/F17 -> #DIV/0! | H17: =CONCATENATE(A17,IF(LEN(B17)=1,CONCATENATE(0,B17),B17)) -> 000 | J17: 6 | K17: =_xlfn.IFNA(INDEX($G$12:$G$192,MATCH(CONCATENATE(K$11,IF(LEN($J17)=1,CONCATENATE(0,$J17),$J17)),$H$12:$H$192,0)),0) -> 0 | L17: =_xlfn.IFNA(INDEX($G$12:$G$192,MATCH(CONCATENATE(L$11,IF(LEN($J17)=1,CONCATENATE(0,$J17),$J17)),$H$12:$H$192,0)),0) -> 0 | M17: =_xlfn.IFNA(INDEX($G$12:$G$192,MATCH(CONCATENATE(M$11,IF(LEN($J17)=1,CONCATENATE(0,$J17),$J17)),$H$12:$H$192,0)),0) -> 0 | N17: =_xlfn.IFNA(INDEX($G$12:$G$192,MATCH(CONCATENATE(N$11,IF(LEN($J17)=1,CONCATENATE(0,$J17),$J17)),$H$12:$H$192,0)),0) -> 0 | O17: =_xlfn.IFNA(INDEX($G$12:$G$192,MATCH(CONCATENATE(O$11,IF(LEN($J17)=1,CONCATENATE(0,$J17),$J17)),$H$12:$H$192,0)),0) -> 0 | P17: =_xlfn.IFNA(INDEX($G$12:$G$192,MATCH(CONCATENATE(P$11,IF(LEN($J17)=1,CONCATENATE(0,$J17),$J17)),$H$12:$H$192,0)),0) -> 0 | Q17: =_xlfn.IFNA(INDEX($G$12:$G$192,MATCH(CONCATENATE(Q$11,IF(LEN($J17)=1,CONCATENATE(0,$J17),$J17)),$H$12:$H$192,0)),0) -> 0 | R17: =_xlfn.IFNA(INDEX($G$12:$G$192,MATCH(CONCATENATE(R$11,IF(LEN($J17)=1,CONCATENATE(0,$J17),$J17)),$H$12:$H$192,0)),0) -> 0 | S17: =_xlfn.IFNA(INDEX($G$12:$G$192,MATCH(CONCATENATE(S$11,IF(LEN($J17)=1,CONCATENATE(0,$J17),$J17)),$H$12:$H$192,0)),0) -> 0
A18: =IF(C18=150, "<=150", C18) -> 0 | B18: =IF(D18=99, "20+", D18) -> 0 | G18: =E18/F18 -> #DIV/0! | H18: =CONCATENATE(A18,IF(LEN(B18)=1,CONCATENATE(0,B18),B18)) -> 000 | J18: 7 | K18: =_xlfn.IFNA(INDEX($G$12:$G$192,MATCH(CONCATENATE(K$11,IF(LEN($J18)=1,CONCATENATE(0,$J18),$J18)),$H$12:$H$192,0)),0) -> 0 | L18: =_xlfn.IFNA(INDEX($G$12:$G$192,MATCH(CONCATENATE(L$11,IF(LEN($J18)=1,CONCATENATE(0,$J18),$J18)),$H$12:$H$192,0)),0) -> 0 | M18: =_xlfn.IFNA(INDEX($G$12:$G$192,MATCH(CONCATENATE(M$11,IF(LEN($J18)=1,CONCATENATE(0,$J18),$J18)),$H$12:$H$192,0)),0) -> 0 | N18: =_xlfn.IFNA(INDEX($G$12:$G$192,MATCH(CONCATENATE(N$11,IF(LEN($J18)=1,CONCATENATE(0,$J18),$J18)),$H$12:$H$192,0)),0) -> 0 | O18: =_xlfn.IFNA(INDEX($G$12:$G$192,MATCH(CONCATENATE(O$11,IF(LEN($J18)=1,CONCATENATE(0,$J18),$J18)),$H$12:$H$192,0)),0) -> 0 | P18: =_xlfn.IFNA(INDEX($G$12:$G$192,MATCH(CONCATENATE(P$11,IF(LEN($J18)=1,CONCATENATE(0,$J18),$J18)),$H$12:$H$192,0)),0) -> 0 | Q18: =_xlfn.IFNA(INDEX($G$12:$G$192,MATCH(CONCATENATE(Q$11,IF(LEN($J18)=1,CONCATENATE(0,$J18),$J18)),$H$12:$H$192,0)),0) -> 0 | R18: =_xlfn.IFNA(INDEX($G$12:$G$192,MATCH(CONCATENATE(R$11,IF(LEN($J18)=1,CONCATENATE(0,$J18),$J18)),$H$12:$H$192,0)),0) -> 0 | S18: =_xlfn.IFNA(INDEX($G$12:$G$192,MATCH(CONCATENATE(S$11,IF(LEN($J18)=1,CONCATENATE(0,$J18),$J18)),$H$12:$H$192,0)),0) -> 0
A19: =IF(C19=150, "<=150", C19) -> 0 | B19: =IF(D19=99, "20+", D19) -> 0 | G19: =E19/F19 -> #DIV/0! | H19: =CONCATENATE(A19,IF(LEN(B19)=1,CONCATENATE(0,B19),B19)) -> 000 | J19: 8 | K19: =_xlfn.IFNA(INDEX($G$12:$G$192,MATCH(CONCATENATE(K$11,IF(LEN($J19)=1,CONCATENATE(0,$J19),$J19)),$H$12:$H$192,0)),0) -> 0 | L19: =_xlfn.IFNA(INDEX($G$12:$G$192,MATCH(CONCATENATE(L$11,IF(LEN($J19)=1,CONCATENATE(0,$J19),$J19)),$H$12:$H$192,0)),0) -> 0 | M19: =_xlfn.IFNA(INDEX($G$12:$G$192,MATCH(CONCATENATE(M$11,IF(LEN($J19)=1,CONCATENATE(0,$J19),$J19)),$H$12:$H$192,0)),0) -> 0 | N19: =_xlfn.IFNA(INDEX($G$12:$G$192,MATCH(CONCATENATE(N$11,IF(LEN($J19)=1,CONCATENATE(0,$J19),$J19)),$H$12:$H$192,0)),0) -> 0 | O19: =_xlfn.IFNA(INDEX($G$12:$G$192,MATCH(CONCATENATE(O$11,IF(LEN($J19)=1,CONCATENATE(0,$J19),$J19)),$H$12:$H$192,0)),0) -> 0 | P19: =_xlfn.IFNA(INDEX($G$12:$G$192,MATCH(CONCATENATE(P$11,IF(LEN($J19)=1,CONCATENATE(0,$J19),$J19)),$H$12:$H$192,0)),0) -> 0 | Q19: =_xlfn.IFNA(INDEX($G$12:$G$192,MATCH(CONCATENATE(Q$11,IF(LEN($J19)=1,CONCATENATE(0,$J19),$J19)),$H$12:$H$192,0)),0) -> 0 | R19: =_xlfn.IFNA(INDEX($G$12:$G$192,MATCH(CONCATENATE(R$11,IF(LEN($J19)=1,CONCATENATE(0,$J19),$J19)),$H$12:$H$192,0)),0) -> 0 | S19: =_xlfn.IFNA(INDEX($G$12:$G$192,MATCH(CONCATENATE(S$11,IF(LEN($J19)=1,CONCATENATE(0,$J19),$J19)),$H$12:$H$192,0)),0) -> 0
A20: =IF(C20=150, "<=150", C20) -> 0 | B20: =IF(D20=99, "20+", D20) -> 0 | G20: =E20/F20 -> #DIV/0! | H20: =CONCATENATE(A20,IF(LEN(B20)=1,CONCATENATE(0,B20),B20)) -> 000 | J20: 9 | K20: =_xlfn.IFNA(INDEX($G$12:$G$192,MATCH(CONCATENATE(K$11,IF(LEN($J20)=1,CONCATENATE(0,$J20),$J20)),$H$12:$H$192,0)),0) -> 0 | L20: =_xlfn.IFNA(INDEX($G$12:$G$192,MATCH(CONCATENATE(L$11,IF(LEN($J20)=1,CONCATENATE(0,$J20),$J20)),$H$12:$H$192,0)),0) -> 0 | M20: =_xlfn.IFNA(INDEX($G$12:$G$192,MATCH(CONCATENATE(M$11,IF(LEN($J20)=1,CONCATENATE(0,$J20),$J20)),$H$12:$H$192,0)),0) -> 0 | N20: =_xlfn.IFNA(INDEX($G$12:$G$192,MATCH(CONCATENATE(N$11,IF(LEN($J20)=1,CONCATENATE(0,$J20),$J20)),$H$12:$H$192,0)),0) -> 0 | O20: =_xlfn.IFNA(INDEX($G$12:$G$192,MATCH(CONCATENATE(O$11,IF(LEN($J20)=1,CONCATENATE(0,$J20),$J20)),$H$12:$H$192,0)),0) -> 0 | P20: =_xlfn.IFNA(INDEX($G$12:$G$192,MATCH(CONCATENATE(P$11,IF(LEN($J20)=1,CONCATENATE(0,$J20),$J20)),$H$12:$H$192,0)),0) -> 0 | Q20: =_xlfn.IFNA(INDEX($G$12:$G$192,MATCH(CONCATENATE(Q$11,IF(LEN($J20)=1,CONCATENATE(0,$J20),$J20)),$H$12:$H$192,0)),0) -> 0 | R20: =_xlfn.IFNA(INDEX($G$12:$G$192,MATCH(CONCATENATE(R$11,IF(LEN($J20)=1,CONCATENATE(0,$J20),$J20)),$H$12:$H$192,0)),0) -> 0 | S20: =_xlfn.IFNA(INDEX($G$12:$G$192,MATCH(CONCATENATE(S$11,IF(LEN($J20)=1,CONCATENATE(0,$J20),$J20)),$H$12:$H$192,0)),0) -> 0
A21: =IF(C21=150, "<=150", C21) -> 0 | B21: =IF(D21=99, "20+", D21) -> 0 | G21: =E21/F21 -> #DIV/0! | H21: =CONCATENATE(A21,IF(LEN(B21)=1,CONCATENATE(0,B21),B21)) -> 000 | J21: 10 | K21: =_xlfn.IFNA(INDEX($G$12:$G$192,MATCH(CONCATENATE(K$11,IF(LEN($J21)=1,CONCATENATE(0,$J21),$J21)),$H$12:$H$192,0)),0) -> 0 | L21: =_xlfn.IFNA(INDEX($G$12:$G$192,MATCH(CONCATENATE(L$11,IF(LEN($J21)=1,CONCATENATE(0,$J21),$J21)),$H$12:$H$192,0)),0) -> 0 | M21: =_xlfn.IFNA(INDEX($G$12:$G$192,MATCH(CONCATENATE(M$11,IF(LEN($J21)=1,CONCATENATE(0,$J21),$J21)),$H$12:$H$192,0)),0) -> 0 | N21: =_xlfn.IFNA(INDEX($G$12:$G$192,MATCH(CONCATENATE(N$11,IF(LEN($J21)=1,CONCATENATE(0,$J21),$J21)),$H$12:$H$192,0)),0) -> 0 | O21: =_xlfn.IFNA(INDEX($G$12:$G$192,MATCH(CONCATENATE(O$11,IF(LEN($J21)=1,CONCATENATE(0,$J21),$J21)),$H$12:$H$192,0)),0) -> 0 | P21: =_xlfn.IFNA(INDEX($G$12:$G$192,MATCH(CONCATENATE(P$11,IF(LEN($J21)=1,CONCATENATE(0,$J21),$J21)),$H$12:$H$192,0)),0) -> 0 | Q21: =_xlfn.IFNA(INDEX($G$12:$G$192,MATCH(CONCATENATE(Q$11,IF(LEN($J21)=1,CONCATENATE(0,$J21),$J21)),$H$12:$H$192,0)),0) -> 0 | R21: =_xlfn.IFNA(INDEX($G$12:$G$192,MATCH(CONCATENATE(R$11,IF(LEN($J21)=1,CONCATENATE(0,$J21),$J21)),$H$12:$H$192,0)),0) -> 0 | S21: =_xlfn.IFNA(INDEX($G$12:$G$192,MATCH(CONCATENATE(S$11,IF(LEN($J21)=1,CONCATENATE(0,$J21),$J21)),$H$12:$H$192,0)),0) -> 0
A22: =IF(C22=150, "<=150", C22) -> 0 | B22: =IF(D22=99, "20+", D22) -> 0 | G22: =E22/F22 -> #DIV/0! | H22: =CONCATENATE(A22,IF(LEN(B22)=1,CONCATENATE(0,B22),B22)) -> 000 | J22: 11 | K22: =_xlfn.IFNA(INDEX($G$12:$G$192,MATCH(CONCATENATE(K$11,IF(LEN($J22)=1,CONCATENATE(0,$J22),$J22)),$H$12:$H$192,0)),0) -> 0 | L22: =_xlfn.IFNA(INDEX($G$12:$G$192,MATCH(CONCATENATE(L$11,IF(LEN($J22)=1,CONCATENATE(0,$J22),$J22)),$H$12:$H$192,0)),0) -> 0 | M22: =_xlfn.IFNA(INDEX($G$12:$G$192,MATCH(CONCATENATE(M$11,IF(LEN($J22)=1,CONCATENATE(0,$J22),$J22)),$H$12:$H$192,0)),0) -> 0 | N22: =_xlfn.IFNA(INDEX($G$12:$G$192,MATCH(CONCATENATE(N$11,IF(LEN($J22)=1,CONCATENATE(0,$J22),$J22)),$H$12:$H$192,0)),0) -> 0 | O22: =_xlfn.IFNA(INDEX($G$12:$G$192,MATCH(CONCATENATE(O$11,IF(LEN($J22)=1,CONCATENATE(0,$J22),$J22)),$H$12:$H$192,0)),0) -> 0 | P22: =_xlfn.IFNA(INDEX($G$12:$G$192,MATCH(CONCATENATE(P$11,IF(LEN($J22)=1,CONCATENATE(0,$J22),$J22)),$H$12:$H$192,0)),0) -> 0 | Q22: =_xlfn.IFNA(INDEX($G$12:$G$192,MATCH(CONCATENATE(Q$11,IF(LEN($J22)=1,CONCATENATE(0,$J22),$J22)),$H$12:$H$192,0)),0) -> 0 | R22: =_xlfn.IFNA(INDEX($G$12:$G$192,MATCH(CONCATENATE(R$11,IF(LEN($J22)=1,CONCATENATE(0,$J22),$J22)),$H$12:$H$192,0)),0) -> 0 | S22: =_xlfn.IFNA(INDEX($G$12:$G$192,MATCH(CONCATENATE(S$11,IF(LEN($J22)=1,CONCATENATE(0,$J22),$J22)),$H$12:$H$192,0)),0) -> 0
A23: =IF(C23=150, "<=150", C23) -> 0 | B23: =IF(D23=99, "20+", D23) -> 0 | G23: =E23/F23 -> #DIV/0! | H23: =CONCATENATE(A23,IF(LEN(B23)=1,CONCATENATE(0,B23),B23)) -> 000 | J23: 12 | K23: =_xlfn.IFNA(INDEX($G$12:$G$192,MATCH(CONCATENATE(K$11,IF(LEN($J23)=1,CONCATENATE(0,$J23),$J23)),$H$12:$H$192,0)),0) -> 0 | L23: =_xlfn.IFNA(INDEX($G$12:$G$192,MATCH(CONCATENATE(L$11,IF(LEN($J23)=1,CONCATENATE(0,$J23),$J23)),$H$12:$H$192,0)),0) -> 0 | M23: =_xlfn.IFNA(INDEX($G$12:$G$192,MATCH(CONCATENATE(M$11,IF(LEN($J23)=1,CONCATENATE(0,$J23),$J23)),$H$12:$H$192,0)),0) -> 0 | N23: =_xlfn.IFNA(INDEX($G$12:$G$192,MATCH(CONCATENATE(N$11,IF(LEN($J23)=1,CONCATENATE(0,$J23),$J23)),$H$12:$H$192,0)),0) -> 0 | O23: =_xlfn.IFNA(INDEX($G$12:$G$192,MATCH(CONCATENATE(O$11,IF(LEN($J23)=1,CONCATENATE(0,$J23),$J23)),$H$12:$H$192,0)),0) -> 0 | P23: =_xlfn.IFNA(INDEX($G$12:$G$192,MATCH(CONCATENATE(P$11,IF(LEN($J23)=1,CONCATENATE(0,$J23),$J23)),$H$12:$H$192,0)),0) -> 0 | Q23: =_xlfn.IFNA(INDEX($G$12:$G$192,MATCH(CONCATENATE(Q$11,IF(LEN($J23)=1,CONCATENATE(0,$J23),$J23)),$H$12:$H$192,0)),0) -> 0 | R23: =_xlfn.IFNA(INDEX($G$12:$G$192,MATCH(CONCATENATE(R$11,IF(LEN($J23)=1,CONCATENATE(0,$J23),$J23)),$H$12:$H$192,0)),0) -> 0 | S23: =_xlfn.IFNA(INDEX($G$12:$G$192,MATCH(CONCATENATE(S$11,IF(LEN($J23)=1,CONCATENATE(0,$J23),$J23)),$H$12:$H$192,0)),0) -> 0
... A30: =IF(C30=150, "<=150", C30) -> 0 | B30: =IF(D30=99, "20+", D30) -> 0 | G30: =E30/F30 -> #DIV/0! | H30: =CONCATENATE(A30,IF(LEN(B30)=1,CONCATENATE(0,B30),B30)) -> 000 | J30: 19 | K30: =_xlfn.IFNA(INDEX($G$12:$G$192,MATCH(CONCATENATE(K$11,IF(LEN($J30)=1,CONCATENATE(0,$J30),$J30)),$H$12:$H$192,0)),0) -> 0 | L30: =_xlfn.IFNA(INDEX($G$12:$G$192,MATCH(CONCATENATE(L$11,IF(LEN($J30)=1,CONCATENATE(0,$J30),$J30)),$H$12:$H$192,0)),0) -> 0 | M30: =_xlfn.IFNA(INDEX($G$12:$G$192,MATCH(CONCATENATE(M$11,IF(LEN($J30)=1,CONCATENATE(0,$J30),$J30)),$H$12:$H$192,0)),0) -> 0 | N30: =_xlfn.IFNA(INDEX($G$12:$G$192,MATCH(CONCATENATE(N$11,IF(LEN($J30)=1,CONCATENATE(0,$J30),$J30)),$H$12:$H$192,0)),0) -> 0 | O30: =_xlfn.IFNA(INDEX($G$12:$G$192,MATCH(CONCATENATE(O$11,IF(LEN($J30)=1,CONCATENATE(0,$J30),$J30)),$H$12:$H$192,0)),0) -> 0 | P30: =_xlfn.IFNA(INDEX($G$12:$G$192,MATCH(CONCATENATE(P$11,IF(LEN($J30)=1,CONCATENATE(0,$J30),$J30)),$H$12:$H$192,0)),0) -> 0 | Q30: =_xlfn.IFNA(INDEX($G$12:$G$192,MATCH(CONCATENATE(Q$11,IF(LEN($J30)=1,CONCATENATE(0,$J30),$J30)),$H$12:$H$192,0)),0) -> 0 | R30: =_xlfn.IFNA(INDEX($G$12:$G$192,MATCH(CONCATENATE(R$11,IF(LEN($J30)=1,CONCATENATE(0,$J30),$J30)),$H$12:$H$192,0)),0) -> 0 | S30: =_xlfn.IFNA(INDEX($G$12:$G$192,MATCH(CONCATENATE(S$11,IF(LEN($J30)=1,CONCATENATE(0,$J30),$J30)),$H$12:$H$192,0)),0) -> 0
A31: =IF(C31=150, "<=150", C31) -> 0 | B31: =IF(D31=99, "20+", D31) -> 0 | G31: =E31/F31 -> #DIV/0! | H31: =CONCATENATE(A31,IF(LEN(B31)=1,CONCATENATE(0,B31),B31)) -> 000 | J31: 20+ | K31: =_xlfn.IFNA(INDEX($G$12:$G$192,MATCH(CONCATENATE(K$11,IF(LEN($J31)=1,CONCATENATE(0,$J31),$J31)),$H$12:$H$192,0)),0) -> 0 | L31: =_xlfn.IFNA(INDEX($G$12:$G$192,MATCH(CONCATENATE(L$11,IF(LEN($J31)=1,CONCATENATE(0,$J31),$J31)),$H$12:$H$192,0)),0) -> 0 | M31: =_xlfn.IFNA(INDEX($G$12:$G$192,MATCH(CONCATENATE(M$11,IF(LEN($J31)=1,CONCATENATE(0,$J31),$J31)),$H$12:$H$192,0)),0) -> 0 | N31: =_xlfn.IFNA(INDEX($G$12:$G$192,MATCH(CONCATENATE(N$11,IF(LEN($J31)=1,CONCATENATE(0,$J31),$J31)),$H$12:$H$192,0)),0) -> 0 | O31: =_xlfn.IFNA(INDEX($G$12:$G$192,MATCH(CONCATENATE(O$11,IF(LEN($J31)=1,CONCATENATE(0,$J31),$J31)),$H$12:$H$192,0)),0) -> 0 | P31: =_xlfn.IFNA(INDEX($G$12:$G$192,MATCH(CONCATENATE(P$11,IF(LEN($J31)=1,CONCATENATE(0,$J31),$J31)),$H$12:$H$192,0)),0) -> 0 | Q31: =_xlfn.IFNA(INDEX($G$12:$G$192,MATCH(CONCATENATE(Q$11,IF(LEN($J31)=1,CONCATENATE(0,$J31),$J31)),$H$12:$H$192,0)),0) -> 0 | R31: =_xlfn.IFNA(INDEX($G$12:$G$192,MATCH(CONCATENATE(R$11,IF(LEN($J31)=1,CONCATENATE(0,$J31),$J31)),$H$12:$H$192,0)),0) -> 0 | S31: =_xlfn.IFNA(INDEX($G$12:$G$192,MATCH(CONCATENATE(S$11,IF(LEN($J31)=1,CONCATENATE(0,$J31),$J31)),$H$12:$H$192,0)),0) -> 0
A32: =IF(C32=150, "<=150", C32) -> 0 | B32: =IF(D32=99, "20+", D32) -> 0 | G32: =E32/F32 -> #DIV/0! | H32: =CONCATENATE(A32,IF(LEN(B32)=1,CONCATENATE(0,B32),B32)) -> 000
A33: =IF(C33=150, "<=150", C33) -> 0 | B33: =IF(D33=99, "20+", D33) -> 0 | G33: =E33/F33 -> #DIV/0! | H33: =CONCATENATE(A33,IF(LEN(B33)=1,CONCATENATE(0,B33),B33)) -> 000
A34: =IF(C34=150, "<=150", C34) -> 0 | B34: =IF(D34=99, "20+", D34) -> 0 | G34: =E34/F34 -> #DIV/0! | H34: =CONCATENATE(A34,IF(LEN(B34)=1,CONCATENATE(0,B34),B34)) -> 000
A35: =IF(C35=150, "<=150", C35) -> 0 | B35: =IF(D35=99, "20+", D35) -> 0 | G35: =E35/F35 -> #DIV/0! | H35: =CONCATENATE(A35,IF(LEN(B35)=1,CONCATENATE(0,B35),B35)) -> 000
A36: =IF(C36=150, "<=150", C36) -> 0 | B36: =IF(D36=99, "20+", D36) -> 0 | G36: =E36/F36 -> #DIV/0! | H36: =CONCATENATE(A36,IF(LEN(B36)=1,CONCATENATE(0,B36),B36)) -> 000
A37: =IF(C37=150, "<=150", C37) -> 0 | B37: =IF(D37=99, "20+", D37) -> 0 | G37: =E37/F37 -> #DIV/0! | H37: =CONCATENATE(A37,IF(LEN(B37)=1,CONCATENATE(0,B37),B37)) -> 000
A38: =IF(C38=150, "<=150", C38) -> 0 | B38: =IF(D38=99, "20+", D38) -> 0 | G38: =E38/F38 -> #DIV/0! | H38: =CONCATENATE(A38,IF(LEN(B38)=1,CONCATENATE(0,B38),B38)) -> 000
A39: =IF(C39=150, "<=150", C39) -> 0 | B39: =IF(D39=99, "20+", D39) -> 0 | G39: =E39/F39 -> #DIV/0! | H39: =CONCATENATE(A39,IF(LEN(B39)=1,CONCATENATE(0,B39),B39)) -> 000
A40: =IF(C40=150, "<=150", C40) -> 0 | B40: =IF(D40=99, "20+", D40) -> 0 | G40: =E40/F40 -> #DIV/0! | H40: =CONCATENATE(A40,IF(LEN(B40)=1,CONCATENATE(0,B40),B40)) -> 000
A41: =IF(C41=150, "<=150", C41) -> 0 | B41: =IF(D41=99, "20+", D41) -> 0 | G41: =E41/F41 -> #DIV/0! | H41: =CONCATENATE(A41,IF(LEN(B41)=1,CONCATENATE(0,B41),B41)) -> 000
A42: =IF(C42=150, "<=150", C42) -> 0 | B42: =IF(D42=99, "20+", D42) -> 0 | G42: =E42/F42 -> #DIV/0! | H42: =CONCATENATE(A42,IF(LEN(B42)=1,CONCATENATE(0,B42),B42)) -> 000
A43: =IF(C43=150, "<=150", C43) -> 0 | B43: =IF(D43=99, "20+", D43) -> 0 | G43: =E43/F43 -> #DIV/0! | H43: =CONCATENATE(A43,IF(LEN(B43)=1,CONCATENATE(0,B43),B43)) -> 000
... A191: =IF(C191=150, "<=150", C191) -> 0 | B191: =IF(D191=99, "20+", D191) -> 0 | G191: =E191/F191 -> #DIV/0! | H191: =CONCATENATE(A191,IF(LEN(B191)=1,CONCATENATE(0,B191),B191)) -> 000
